Phase,Material,d (cm),Time (min),theta_Li (C),theta_Lo (C),theta_wi (C),theta_wo (C),q_out (W/m2),q_in (W/m2),k (W/m2.K),lambda (W/m.K),Lambda (W/m2.K)
Heating (3-min intervals),Wood,1.00,3.00,32.3,17.7,24.4,21.0,26.7,64.0,1.83,0.0786,7.86
Heating (3-min intervals),Wood,1.00,6.00,29.1,18.1,24.1,21.5,27.5,40.5,2.50,0.106,10.6
Heating (3-min intervals),Wood,1.00,9.00,27.2,18.4,23.6,21.7,26.7,29.2,3.04,0.141,14.1
Heating (3-min intervals),Wood,1.00,12.0,25.9,18.3,23.2,21.7,27.5,21.9,3.62,0.184,18.4
Heating (3-min intervals),Wood,1.00,15.0,24.9,18.4,22.9,21.7,26.7,16.2,4.11,0.223,22.3
Heating (3-min intervals),Normal glass,1.00,3.00,32.3,17.7,23.5,22.8,41.3,71.3,2.83,0.590,59.0
Heating (3-min intervals),Normal glass,1.00,6.00,29.1,18.1,23.6,23.1,40.5,44.5,3.68,0.810,81.0
Heating (3-min intervals),Normal glass,1.00,9.00,27.2,18.4,23.4,23.1,38.1,30.8,4.33,1.27,127
Heating (3-min intervals),Normal glass,1.00,12.0,25.9,18.3,23.1,22.9,37.3,22.7,4.90,1.86,186
Heating (3-min intervals),Normal glass,1.00,15.0,24.9,18.4,22.9,22.6,34.0,16.2,5.23,1.13,113
Illumination (Wood),Wood,1.00,1.00,18.6,17.9,31.8,38.3,165,-107,236,0.254,25.4
Illumination (Wood),Wood,1.00,2.00,18.5,17.9,32.6,34.7,136,-114,227,0.648,64.8
Illumination (Wood),Wood,1.00,3.00,18.5,17.5,32.4,32.3,120,-113,120,12.0,1200
Illumination (Wood),Wood,1.00,4.00,18.6,18.4,31.7,31.6,107,-106,535,10.7,1070
Illumination (Wood),Wood,1.00,5.00,18.7,18.5,30.8,29.4,88.3,-98.0,441,0.631,63.1
Illumination (Normal glass),Normal glass,1.00,2.00,18.2,18.4,30.5,30.7,99.6,-99.6,498,4.98,498
Illumination (Normal glass),Normal glass,1.00,3.00,18.3,18.2,29.5,29.7,93.1,-90.7,931,4.66,466
Illumination (Normal glass),Normal glass,1.00,4.00,18.4,18.4,28.8,28.9,85.0,-84.2,,8.51,851
Illumination (Normal glass),Normal glass,1.00,5.00,18.3,18.3,27.9,27.8,77.0,-77.8,,7.70,770
